id	file	offset	budget	same_as	jp	kr
SCR01861	DATASCR.BIN	0x30F48	68		ミナモ「あっ、そうそう。\n　コッパ、ごはん好きって\n　いってたでしょ。	미나모「아, 맞다 맞아.\n　콥파, 밥 좋아한다고\n　그랬었지.
SCR01862	DATASCR.BIN	0x30F8F	70		　あたしね、今日、お弁当作ったの。\n　たくさんあるから\n　わけてあげる。	나 있잖아, 오늘 도시락 만들었어.\n　많이 있으니까\n　나눠 줄게.
SCR01863	DATASCR.BIN	0x30FDA	22		コッパ「えっ、ホント!?	콥파「어, 진짜!?
SCR01864	DATASCR.BIN	0x30FF5	74		ミナモ「へっへー。\n　あたし、こうみえても、\n　料理、ちょっとシュミなんだ。	미나모「헤헤.\n　나 이래 봬도\n　요리가 좀 취미거든.
SCR01865	DATASCR.BIN	0x31043	28		　はい!\n　アスカ＠も食べて。	자!\n　아스카＠도 먹어.
SCR01866	DATASCR.BIN	0x31064	26		アスカ＠「かたじけな……。	아스카＠「고, 고맙소……。
SCR01867	DATASCR.BIN	0x31094	41		　\n　ミナモから奇妙なおにぎりをもらった。	\n　미나모에게서 기묘한 주먹밥을 받았다.
SCR01868	DATASCR.BIN	0x310CC	24		コッパ「（うわあ……。）	콥파「（우와……。）
SCR01869	DATASCR.BIN	0x310E8	20		　（独特な形……。）	（독특한 모양……。）
SCR01870	DATASCR.BIN	0x31100	22		　（独特な匂い……。）	（독특한 냄새……。）
SCR01871	DATASCR.BIN	0x3111A	40		　（……なんか……へんなおにぎり……。）	（……뭔가……이상한 주먹밥……。）
SCR01872	DATASCR.BIN	0x31154	29		ミナモ「コッパ、なんか言った?	미나모「콥파, 뭐라고 했어?
SCR01873	DATASCR.BIN	0x31192	49		コッパ「う、ううん。\n　な、なんにも言ってないよ、	콥파「으, 으응. 아, 아무 말도\n　안 했어,
SCR01874	DATASCR.BIN	0x311D4	35		　おいしそうだよな、な!\n　アスカ＠!	맛있어 보이지, 그치!\n　아스카＠!
SCR01875	DATASCR.BIN	0x31209	33		アスカ＠「あ、ああ。\n　そうだな。	아스카＠「아, 아아.\n　그렇구나.
SCR01876	DATASCR.BIN	0x31248	24		　かたじけない、ミナモ。	고맙소, 미나모.
SCR01877	DATASCR.BIN	0x31272	32		ミナモ「ふふっ\n　さ、行きましょ!	미나모「후훗\n　자, 가자!
SCR01878	DATASCR.BIN	0x312DF	88		ミナモ「あっ、そうそう。\n　今日ね、お弁当作ったの。\n　アスカ＠とコッパにも分けてあげる。	미나모「아, 맞다 맞아.\n　오늘 있잖아, 도시락 만들었어.\n　아스카＠랑 콥파한테도 나눠 줄게.
SCR01879	DATASCR.BIN	0x3133B	9		　はいっ!	자!
SCR01880	DATASCR.BIN	0x3135A	41	SCR01867	　\n　ミナモから奇妙なおにぎりをもらった。	\n　미나모에게서 기묘한 주먹밥을 받았다.
SCR01881	DATASCR.BIN	0x31388	88		コッパ「（……どうやって握ると、\n　こんな形になるんだろう……\n　それに、この匂い……。）	콥파「（……대체 어떻게 쥐면\n　이런 모양이 되는 거지……\n　게다가 이 냄새……。）
SCR01882	DATASCR.BIN	0x313F2	45		ミナモ「コッパ。\n　なんなの?\n　そのへんな目。	미나모「콥파.\n　뭐야?\n　그 이상한 눈빛.
SCR01883	DATASCR.BIN	0x31440	51		コッパ「な、なんでもないよ。\n　なんでも。あははは。	콥파「아, 아무것도 아니야.\n　아무것도. 아하하하.
SCR01884	DATASCR.BIN	0x31478	31		ミナモ「ふ～ん。\n　ま、いいわ。	미나모「흐~응.\n　뭐, 됐어.
SCR01885	DATASCR.BIN	0x314A8	27		　さ、アスカ＠、行きましょ!	자, 아스카＠, 가자!
SCR01886	DATASCR.BIN	0x314EC	80		ミナモ「あ、そうそう。\n　今日ね、お弁当作ったの。\n　アスカ＠とコッパにもあげる。	미나모「아, 맞다 맞아.\n　오늘 있잖아, 도시락 만들었어.\n　아스카＠랑 콥파한테도 줄게.
SCR01887	DATASCR.BIN	0x31540	9	SCR01879	　はいっ!	자!
SCR01888	DATASCR.BIN	0x3155F	41	SCR01867	　\n　ミナモから奇妙なおにぎりをもらった。	\n　미나모에게서 기묘한 주먹밥을 받았다.
SCR01889	DATASCR.BIN	0x3158D	49		コッパ「（いつ見ても……\n　へんなおにぎり……。）	콥파「（언제 봐도……\n　이상한 주먹밥……。）
SCR01890	DATASCR.BIN	0x315D0	64		ミナモ「……コッパ。\n　なんかあんまり\n　うれしそうじゃないわね。	미나모「……콥파.\n　왠지 별로\n　기뻐 보이지 않네.
SCR01891	DATASCR.BIN	0x31631	64		コッパ「えっ!?!!\n　や、そんなことないよ。\n　すっごいうれしいよ。	콥파「엣!?!!\n　아, 아니야, 그런 거.\n　엄청 기쁘다구.
SCR01892	DATASCR.BIN	0x31675	68		　今は、その、\n　おなかの調子がわるいからかな～\n　なんて。あははは。	지금은, 그게,\n　배 상태가 좀 안 좋아서 그런가~\n　뭐 그런 거지. 아하하하.
SCR01893	DATASCR.BIN	0x316BE	78		ミナモ「またごはん\n　食べすぎたりしたんでしょ。\n　だめよ、ほどほどにしないと。	미나모「또 밥\n　너무 많이 먹은 거지.\n　안 돼, 적당히 좀 먹어야지.
SCR01894	DATASCR.BIN	0x3171D	27		　さ、アスカ＠、いきましょ!	자, 아스카＠, 가자!
SCR01895	DATASCR.BIN	0x31761	19		ミナモ「あ、そうだ!	미나모「아, 맞다!
SCR01896	DATASCR.BIN	0x31779	18		コッパ「（ぎくっ）	콥파「（뜨끔）
SCR01897	DATASCR.BIN	0x317AA	36		ミナモ「……コッパ、\n　ぎくってなに?	미나모「……콥파,\n　뜨끔이라니 뭐야?
SCR01898	DATASCR.BIN	0x317D3	62		コッパ「えっ!?\n　いや、気のせいだよ。気のせい。\n　あはははは。	콥파「엣!?\n　아니, 기분 탓이야. 기분 탓.\n　아하하하하.
SCR01899	DATASCR.BIN	0x31823	68		ミナモ「ま、いっか。\n　それはそれとして、\n　今日ね、お弁当作ったの。	미나모「뭐, 됐다.\n　그건 그렇다 치고,\n　오늘 있잖아, 도시락 만들었어.
SCR01900	DATASCR.BIN	0x3186C	26		コッパ「（やっぱり……。）	콥파「（역시……。）
SCR01901	DATASCR.BIN	0x3188B	46		ミナモ「アスカ＠とコッパにもあげる。\n　はいっ!	미나모「아스카＠랑 콥파한테도 줄게.\n　자!
SCR01902	DATASCR.BIN	0x318CF	41	SCR01867	　\n　ミナモから奇妙なおにぎりをもらった。	\n　미나모에게서 기묘한 주먹밥을 받았다.
SCR01903	DATASCR.BIN	0x318FD	72		コッパ「（ある意味……\n　毎回奇妙なおにぎりを作れるのって\n　才能かも。）	콥파「（어떤 의미로는……\n　매번 기묘한 주먹밥을 만들 수 있는 것도\n　재능일지도。）
SCR01904	DATASCR.BIN	0x31957	53		ミナモ「コッパ。\n　なーに?\n　さっきからそのへんな目。	미나모「콥파.\n　뭐어?\n　아까부터 그 이상한 눈빛.
SCR01905	DATASCR.BIN	0x319AD	45		コッパ「な、なんでもないったら。\n　あははは。	콥파「아, 아무것도 아니라니까.\n　아하하하.
SCR01906	DATASCR.BIN	0x319DF	31		ミナモ「ふーん。\n　ま、いいわ。	미나모「흐응.\n　뭐, 됐어.
SCR01907	DATASCR.BIN	0x31A0F	17		　さ、行きましょ!	자, 가자!
SCR01908	DATASCR.BIN	0x31A30	70		ミナモ「そう……うん、\n　アスカ＠にも都合があるものね。\n　わかったわ。	미나모「그래……응,\n　아스카＠도 사정이 있을 테니까.\n　알겠어.
SCR01909	DATASCR.BIN	0x31A9F	6	SCR00000	預ける	맡기다
SCR01910	DATASCR.BIN	0x31AAD	8	SCR00001	引き出す	찾다
SCR01911	DATASCR.BIN	0x31ABD	6	SCR00002	やめる	그만두다
SCR01912	DATASCR.BIN	0x31B1F	49	SCR00003	銭ゴロー「うす。\n　おいどん、風来銀行出張員だど。	제니고로「어이.\n　나는 풍래은행 출장원이라구.
SCR01913	DATASCR.BIN	0x31B79	47	SCR00004	銭ゴロー「おめえさま、\n　所持金はないようだど。	제니고로「자네,\n　가진 돈이 없나 보구먼.
SCR01914	DATASCR.BIN	0x31BBA	88	SCR00005	銭ゴロー「う～。もうしわけねえ\n　銀行の金庫が一杯で\n　これ以上預かることができねえだど。	제니고로「으~. 미안하지만\n　은행 금고가 꽉 차서\n　더 이상은 맡을 수가 없다구.
SCR01915	DATASCR.BIN	0x31C25	26	SCR00006	銭ゴロー「いくら預けるだ？	제니고로「얼마나 맡길 거유?
SCR01916	DATASCR.BIN	0x31C4C	20	SCR00007	　おめえさまからは今	자네한테는 지금
SCR01917	DATASCR.BIN	0x31C63	24	SCR00008	　%dギタン預かってるど。	%d기탄 맡아 두고 있다구.
SCR01918	DATASCR.BIN	0x31CA8	22	SCR00009	銭ゴロー「やめるだな。	제니고로「그만두는구먼.
SCR01919	DATASCR.BIN	0x31CFF	30	SCR00010	銭ゴロー「う～もうしわけねえ。	제니고로「으~ 미안하구먼.
SCR01920	DATASCR.BIN	0x31D20	24	SCR00011	　%dギタンいれたところで	%d기탄을 넣어 봤자
SCR01921	DATASCR.BIN	0x31D3D	30	SCR00012	　金庫が一杯になっちまっだど。	금고가 꽉 차 버린다구.
SCR01922	DATASCR.BIN	0x31D82	22	SCR00013	銭ゴロー「わかったど。	제니고로「알았다구.
SCR01923	DATASCR.BIN	0x31D9B	10	SCR00014	　%dギタン	%d기탄
SCR01924	DATASCR.BIN	0x31DAA	18	SCR00015	　預かっておくど。	맡아 두겠다구.
SCR01925	DATASCR.BIN	0x31DEA	63	SCR00016	銭ゴロー「はて、おめえさまから\n　預かってるお金はないはずだど。	제니고로「어라, 자네한테서\n　맡아 둔 돈은 없을 텐데.
SCR01926	DATASCR.BIN	0x31E3D	70	SCR00017	銭ゴロー「おめえさま、\n　もうこれ以上お金をもつことは\n　できねえだど。	제니고로「자네,\n　더 이상 돈을 가질 수는\n　없다구.
SCR01927	DATASCR.BIN	0x31E96	25	SCR00018	銭ゴロー「いくら引き出す?	제니고로「얼마나 찾을 거유?
SCR01928	DATASCR.BIN	0x31EB2	20	SCR00007	　おめえさまからは今	자네한테는 지금
SCR01929	DATASCR.BIN	0x31EC9	24	SCR00008	　%dギタン預かってるど。	%d기탄 맡아 두고 있다구.
SCR01930	DATASCR.BIN	0x31F24	22	SCR00009	銭ゴロー「やめるだな。	제니고로「그만두는구먼.
SCR01931	DATASCR.BIN	0x31F5D	16	SCR00022	銭ゴロー「ほい。	제니고로「옜다.
SCR01932	DATASCR.BIN	0x31F70	10	SCR00014	　%dギタン	%d기탄
SCR01933	DATASCR.BIN	0x31F7F	20	SCR00024	　たしかに渡しだど。	분명히 건넸다구.
SCR01934	DATASCR.BIN	0x31FA4	47	SCR00025	銭ゴロー「これからも\n　風来銀行をよろしくだど。	제니고로「앞으로도\n　풍래은행을 잘 부탁한다구.
SCR01935	DATASCR.BIN	0x32521	10		コヨリ「!!	코요리「!!
SCR01936	DATASCR.BIN	0x3253B	99		コヨリ「そ、それは祭器ではありませんか!\n　とって来ていただいたのですか!?\n　八魔天がいるというのに。	코요리「그, 그건 제기가 아닌가요!\n　가져와 주신 건가요!?\n　팔마천이 있다는데도.
SCR01937	DATASCR.BIN	0x325A3	66		コッパ「へっへー!\n　オイラたちにかかれば、\n　このくらい朝めし前さ!	콥파「헤헤!\n　우리한테 걸리면\n　이 정도는 식은 죽 먹기라구!
SCR01938	DATASCR.BIN	0x325EA	49		アスカ＠「さ、コヨリどの。\n　受け取ってくだされ。	아스카＠「자, 코요리 님.\n　받아 주시오.
SCR01939	DATASCR.BIN	0x32624	58		　　　　　 アスカ＠はコヨリに\n　　　　　　　祭器を渡した。	아스카＠는 코요리에게\n　　　　　　　제기를 건넸다.
SCR01940	DATASCR.BIN	0x32663	45		コヨリ「あ、ありがとうございます。\n　では……	코요리「아, 감사합니다.\n　그럼……
SCR01941	DATASCR.BIN	0x326AB	58	SCR01939	　　　　　 アスカ＠はコヨリに\n　　　　　　　祭器を渡した。	아스카＠는 코요리에게\n　　　　　　　제기를 건넸다.
SCR01942	DATASCR.BIN	0x32DF4	73		コッパ「残りの祭器も\n　ぱっぱと取ってきちゃうから、\n　安心しててくれよな!	콥파「남은 제기도\n　휙휙 가져올 테니까,\n　걱정하지 말라구!
SCR01943	DATASCR.BIN	0x32E42	84		コヨリ「……ありがとうございます。\n　でも、決してご無理は\n　なさらないでくださいね。	코요리「……감사합니다.\n　하지만 절대 무리는\n　하지 말아 주세요.
SCR01944	DATASCR.BIN	0x32E9C	82	SCR01524	コヨリ「あの八魔天が出てきてから、\n　今年の祭はあきらめようかと\n　思っていましたが	코요리「그 팔마천이 나타난 후로\n　올해 축제는 포기해야 하나\n　생각하고 있었는데
SCR01945	DATASCR.BIN	0x32EF2	67	SCR01525	　これで希望が出てきました。\n　ありがとうございます、アスカ＠さん。	이걸로 희망이 생겼어요.\n　감사합니다, 아스카＠ 씨.
SCR01946	DATASCR.BIN	0x32F3A	36		コッパ「へっへーまだまだこれからさ。	콥파「헤헤, 아직 시작일 뿐이라구.
SCR01947	DATASCR.BIN	0x32F69	23		　さ、いこうぜアスカ＠!	자, 가자 아스카＠!
SCR01948	DATASCR.BIN	0x32F86	24		コヨリ「これで３つ目……	코요리「이걸로 세 개째……
SCR01949	DATASCR.BIN	0x32FB2	47		　あの八魔天を２匹も倒すなんて\n　すごいですね。	그 팔마천을 두 마리나 쓰러뜨리다니\n　대단하네요.
SCR01950	DATASCR.BIN	0x32FE7	47		　あの八魔天を３匹も倒すなんて\n　すごいですね。	그 팔마천을 세 마리나 쓰러뜨리다니\n　대단하네요.
SCR01951	DATASCR.BIN	0x3301B	42		コッパ「へっへー\n　ま、ざっとこんなもんさ!	콥파「헤헤\n　뭐, 대충 이런 거지!
SCR01952	DATASCR.BIN	0x33048	87		　八魔天なんて、オイラ達にかかれば\n　こう、ギュッギュッギューーっと\n　してやるんだから!	팔마천 따위 우리한테 걸리면\n　이렇게, 콱콱 꾹----하고\n　눌러 줄 거니까!
SCR01953	DATASCR.BIN	0x330A4	39		コヨリ「うふふふ。\n　頼もしいのですね。	코요리「우후후후.\n　든든하시네요.
SCR01954	DATASCR.BIN	0x330D8	36		コッパ「さあ、\n　いこうぜ、アスカ＠!	콥파「자,\n　가자, 아스카＠!
SCR01955	DATASCR.BIN	0x33102	72		コヨリ「これで４つ目……\n　アスカ＠さん、\n　本当にありがとうございます。	코요리「이걸로 네 개째……\n　아스카＠ 씨,\n　정말로 감사합니다.
SCR01956	DATASCR.BIN	0x3315D	39		老人「ううむ。\n　やはり大した娘御じゃ。	노인「으음.\n　역시 대단한 아가씨로구나.
SCR01957	DATASCR.BIN	0x331A9	24		老人「おお、遅かったな。	노인「오, 늦었구나.
SCR01958	DATASCR.BIN	0x331C5	94		　さっき、鋼賀の頭領どのが\n　祭器を届けに来てくれたでな。\n　これで４つ集まったというわけじゃ。	아까 코가의 두령님이\n　제기를 가져다주셨네.\n　이걸로 네 개가 모인 셈이지.
SCR01959	DATASCR.BIN	0x33266	67		老人「ふむ、では約束どおり、\n　封鬼岩をとりのぞいてやるとしようか。	노인「흠, 그럼 약속대로\n　봉귀암을 없애 주도록 하지.
SCR01960	DATASCR.BIN	0x332AC	106		　祭器には、リーバ八獣神様の霊力が\n　封じ込められておる。それをちょっと\n　拝借して、封鬼岩を破壊するぞい。	제기에는 리바 팔수신님의 영력이\n　봉인되어 있느니라. 그걸 조금\n　빌려서 봉귀암을 파괴하도록 하지.
SCR01961	DATASCR.BIN	0x33327	55		　よいかな? 祭司どの。\n　なに、祭器を傷つけたりはせぬ。	괜찮겠나? 제사장.\n　걱정 마시게, 제기에 흠집을 내진 않을 테니.
SCR01962	DATASCR.BIN	0x33363	70		コヨリ「はあ……。\n　でも、あの岩を破壊するなんて、\n　できるんですか!?	코요리「하아……。\n　근데 저 바위를 부순다니\n　그게 가능한가요!?
SCR01963	DATASCR.BIN	0x333AE	55		老人「ほっほっほ。\n　なに。わしにどーんとまかせておけ。	노인「호호호.\n　걱정 말게. 나한테 떡하니 맡겨 두게.
SCR01964	DATASCR.BIN	0x333E8	67		　では、はじめるとするかの。\n　まん中に立っても\n　よろしいですかな?	그럼, 시작해 볼까나.\n　한가운데 서도\n　괜찮겠나?
SCR01965	DATASCR.BIN	0x33430	43		コヨリ「あ、はい。\n　よろしくお願いします。	코요리「아, 네.\n　잘 부탁드립니다.
SCR01966	DATASCR.BIN	0x33460	26		老人「ではごめんして、と。	노인「그럼 실례 좀 하겠네.
SCR01967	DATASCR.BIN	0x334C8	14		老人「ゆくぞ。	노인「간다.
SCR01968	DATASCR.BIN	0x334DA	8		　むむ。	으음.
SCR01969	DATASCR.BIN	0x334E6	20		　むにゃむにゃ～～。	우물우물~~.
SCR01970	DATASCR.BIN	0x334FE	20	SCR01969	　むにゃむにゃ～～。	우물우물~~.
SCR01971	DATASCR.BIN	0x33516	26		　むにゃむにゃむにゃ～～。	우물우물우물~~.
SCR01972	DATASCR.BIN	0x33533	60		　リーバ神様～～\n　邪気をくだく\n　お力をお貸しくだされ～～。	리바 신이시여~~\n　사기를 부수는\n　힘을 빌려주소서~~.
SCR01973	DATASCR.BIN	0x33573	27		　カーーーーーーーーーー!!!	카아아아아아아아아!!!
SCR01974	DATASCR.BIN	0x33733	18		門番「コヨリ様ー!!	문지기「코요리 님~!!
SCR01975	DATASCR.BIN	0x33784	76		門番「吉報です!\n　あの気味の悪い大岩が、\n　さきほど粉みじんに吹き飛びました!	문지기「희소식입니다!\n　그 기분 나쁜 큰 바위가\n　방금 산산조각으로 날아가 버렸습니다!
SCR01976	DATASCR.BIN	0x337EF	41		コッパ「すごーい!\n　ホントにできるなんて!	콥파「대단해~!\n　진짜로 해내다니!
SCR01977	DATASCR.BIN	0x3382F	32		老人「うむ\x1F\x1Eむ\x1F\x1Eむ\x1F\x1Eむ\x1F\x1Eむ\x1F\x1E……	노인「으음음음음음……
SCR01978	DATASCR.BIN	0x33854	62		コッパ「……?\n　ど、どうしちゃったの?\n　顔色が真っ青だけど……	콥파「……?\n　어, 어떻게 된 거야?\n　얼굴이 새파랗게 질렸는데……
SCR01979	DATASCR.BIN	0x3389F	22		老人「いや……その……	노인「아니……그게……
SCR01980	DATASCR.BIN	0x338B8	82		　かわいこちゃん２人を前に、\n　ついハリキリすぎたわい……\n　あたた……こ、腰が……	귀여운 아가씨 두 명을 앞에 두고\n　그만 너무 힘을 줬나 보구먼……\n　아이고……ㅎ, 허리가……
SCR01981	DATASCR.BIN	0x33916	36		　ふう……ま、これで岩はなくなった。	후우……뭐, 이걸로 바위는 사라졌다.
SCR01982	DATASCR.BIN	0x33946	57		　わしの出番はひとまずここまでじゃな。\n　ではの。若い衆。	내가 나설 차례는 일단 여기까지구먼.\n　그럼 이만. 젊은이들.
SCR01983	DATASCR.BIN	0x339A9	26		老人「あたた……こしが……	노인「아이고……허리가……
SCR01984	DATASCR.BIN	0x339F6	32		コッパ「やっぱ、へんなじいさん。	콥파「역시, 이상한 할아버지야.
SCR01985	DATASCR.BIN	0x33AB6	42		　\n　　　　　 一方、その頃……。　　　　　	\n　　　　　 한편, 그 무렵……。
SCR01986	DATASCR.BIN	0x33B0C	10		オババ「!!	오바바「!!
SCR01987	DATASCR.BIN	0x33B4B	34		ラグーン「ん?\n　どうした、オババ。	라군「응?\n　왜 그래, 오바바.
SCR01988	DATASCR.BIN	0x33B72	62		オババ「……ふうむ。\n　どうやら、\n　封鬼岩が壊されたようだね。	오바바「……흐음.\n　아무래도\n　봉귀암이 부서진 모양이군.
SCR01989	DATASCR.BIN	0x33BC5	74		ラグーン「な、なんだと!!\n　あれは人間には決して壊せぬ\n　代物ではないのか!?	라군「뭐, 뭐라고!!\n　그건 인간이 절대 부술 수 없는\n　물건 아니었나!?
SCR01990	DATASCR.BIN	0x33C2A	55		オババ「あわてるでないよ。\n　あの岩はただの時間稼ぎさ。	오바바「서두르지 마라.\n　그 바위는 그냥 시간을 버는 것일 뿐이야.
SCR01991	DATASCR.BIN	0x33C6A	90		　人間どもめ。悪あがきをしている\n　ようだが、この国が邪気で\n　完全に満ちるのは時間の問題。	인간 놈들. 발악을 하는\n　모양이지만, 이 나라가 사기로\n　완전히 뒤덮이는 건 시간문제지.
SCR01992	DATASCR.BIN	0x33CC7	82		　そうなれば、人間風情が\n　どうがんばったって、\n　我らモンスターにかなうもんかね。	그렇게 되면 인간 주제에\n　아무리 발버둥 쳐 봤자\n　우리 몬스터를 당해낼 수 있겠나.
SCR01993	DATASCR.BIN	0x33D27	95		ラグーン「しかしオババ、大丈夫なのか?\n　メイオウランも、どこぞの人間に\n　倒されたというし……。	라군「하지만 오바바, 괜찮은 건가?\n　메이오란도 어딘가의 인간한테\n　당했다고 하던데……。
SCR01994	DATASCR.BIN	0x33D99	88		オババ「大の男が\n　なさけない声を出すんじゃないよ。\n　祭器はまだ我らの手の内にあるんだ。	오바바「다 큰 남자가\n　한심한 소리 내지 마라.\n　제기는 아직 우리 손안에 있으니.
SCR01995	DATASCR.BIN	0x33DF5	69		　オロオロしているひまがあったら、\n　さっさと人間どもを脅かしてきな。	허둥댈 틈이 있으면\n　얼른 가서 인간들이나 겁줘라.
SCR01996	DATASCR.BIN	0x33E46	65		　恐怖やなげき、混乱こそが\n　邪気を生むんだからね。\n　ヒッヒッヒ!	공포와 탄식, 혼란이야말로\n　사기를 낳는 법이니까.\n　히히히!
SCR01997	DATASCR.BIN	0x33F15	78		コヨリ「祭ができないと\n　落ち込んでいた村人達にも、\n　最近活気が出てきました。	코요리「축제를 못 한다고\n　풀 죽어 있던 마을 사람들도\n　요즘 활기가 도는 것 같아요.
SCR01998	DATASCR.BIN	0x33F67	67		　これもアスカ＠さんのおかげです。\n　本当に、ありがとうございます。	이것도 아스카＠ 씨 덕분이에요.\n　정말로 감사합니다.
SCR01999	DATASCR.BIN	0x33FB9	46		コッパ「ちぇっ、ずるいや。\n　アスカ＠ばっかり!	콥파「쳇, 치사하다.\n　아스카＠만!
SCR02000	DATASCR.BIN	0x33FEC	78		コヨリ「あ、ごめんなさい。\n　もちろん、コッパさんも、\n　ありがとうございます。	코요리「아, 미안해요.\n　물론 콥파 씨도\n　감사합니다.
SCR02001	DATASCR.BIN	0x3403F	17		コッパ「えっへん!	콥파「으흠!
SCR02002	DATASCR.BIN	0x34056	47		コッパ「さあ、あと２個だ。\n　もうちょっとだぜ。	콥파「자, 이제 두 개 남았어.\n　조금만 더 힘내자구.
SCR02003	DATASCR.BIN	0x3408A	63		コヨリ「でも、八魔天がこのまま\n　黙っているものとは思えません。	코요리「하지만 팔마천이 이대로\n　가만있을 것 같지 않아요.
SCR02004	DATASCR.BIN	0x34138	19		コヨリ「感じますか?	코요리「느껴지시나요?
SCR02005	DATASCR.BIN	0x34158	86		アスカ＠「うむ……なにやら\n　大気をおおう邪気が\n　どんどん強くなっていってるような……	아스카＠「음……왠지\n　대기를 뒤덮은 사기가\n　점점 강해지고 있는 것 같소만……
SCR02006	DATASCR.BIN	0x341CB	26		コヨリ「そのとおりです……	코요리「맞아요……
SCR02007	DATASCR.BIN	0x341E8	74		　長く祭が出来なかったことで、\n　この地の邪気が\n　かなり強くなっています。	오랫동안 축제를 열지 못해서\n　이 땅의 사기가\n　상당히 강해졌어요.
SCR02008	DATASCR.BIN	0x34235	58		　実はこの国は、\n　邪気がたまりやすい\n　場所にあるのです。	실은 이 나라는\n　사기가 모이기 쉬운\n　장소에 있거든요.
SCR02009	DATASCR.BIN	0x34274	58		アスカ＠「邪気がたまりやすいと!\n　それはなんとナンギな……	아스카＠「사기가 모이기 쉽다니!\n　그것 참 곤란한 일이로군……
SCR02010	DATASCR.BIN	0x342B3	62		コヨリ「これまでは、\n　祭でこの邪気を\n　払っていたのですが……	코요리「지금까지는\n　축제로 이 사기를\n　쫓아냈었는데요……
SCR02011	DATASCR.BIN	0x342F4	82		　モンスターも、今よりもっと\n　強いものが出てくるかもしれません。\n　お気をつけて。	몬스터도 지금보다 더\n　강한 것이 나올지도 몰라요.\n　조심하세요.
SCR02012	DATASCR.BIN	0x3434B	22		コッパ「大丈夫だって。	콥파「괜찮다니까.
SCR02013	DATASCR.BIN	0x3436C	15		　な、アスカ＠!	그치, 아스카＠!
SCR02014	DATASCR.BIN	0x34381	38		コッパ「さあ、いよいよ\n　あと１個だぜ!	콥파「자, 드디어\n　이제 하나 남았어!
SCR02015	DATASCR.BIN	0x343B6	56		アスカ＠「?\x1F\x1E\n　……どうなされた?\n　うかない顔をされて。	아스카＠「?\n　……무슨 일이시오?\n　안색이 어두우신데.
SCR02016	DATASCR.BIN	0x343F3	55		コヨリ「いえ、ちょっと、\n　気になることがありまして……	코요리「아뇨, 그게\n　조금 신경 쓰이는 게 있어서……
SCR02017	DATASCR.BIN	0x3442F	23		アスカ＠「気になること?	아스카＠「신경 쓰이는 것?
SCR02018	DATASCR.BIN	0x3444B	75		コヨリ「アスカ＠さんは、\n　聞いたことがありませんか?\n　黒雷仙女という名を。	코요리「아스카＠ 씨는\n　들어 본 적 없으신가요?\n　흑뢰선녀라는 이름을.
SCR02019	DATASCR.BIN	0x3449A	55		　この国に広く伝わる昔話に\n　登場する怪物の名前ですが、	이 나라에 널리 전해지는 옛날이야기에\n　등장하는 괴물의 이름인데요,
SCR02020	DATASCR.BIN	0x344D4	80		　実はわたくしの家には、\n　実際に黒雷仙女は存在したとする\n　古文書があるのです。	실은 저희 집에는\n　실제로 흑뢰선녀가 존재했다는\n　고문서가 있어요.
SCR02021	DATASCR.BIN	0x34534	12	SCR01308	アスカ＠「!!	아스카＠「!!
SCR02022	DATASCR.BIN	0x34545	36		コヨリ「そこにはこう書かれています。	코요리「거기엔 이렇게 쓰여 있어요.
SCR02023	DATASCR.BIN	0x34577	104		「昔々のこと。いつのころからか\n　祭来国は邪気の力が集まりやすくなり\n　モンスターが姿を現すようになった。	「옛날 옛적, 언제부터인가\n　마츠라이국은 사기의 힘이 모이기 쉬워져\n　몬스터가 모습을 드러내게 되었다.
SCR02024	DATASCR.BIN	0x345E3	55		　そんななか、人々は細々と\n　暮らしていくしかなかった。	그런 와중에도 사람들은 근근이\n　살아갈 수밖에 없었다.
SCR02025	DATASCR.BIN	0x3461D	108		　そしてあるとき、邪気にひかれ、\n　黒雷仙女という恐ろしい怪物が現れ、\n　雷の力をもって、数多の家々を焼いた。	그러던 어느 날, 사기에 이끌려\n　흑뢰선녀라는 무서운 괴물이 나타나\n　번개의 힘으로 수많은 집들을 불태웠다.
SCR02026	DATASCR.BIN	0x3468D	57		　人々はなげき悲しみ、\n　なすすべなく逃げまどっていた。」	사람들은 슬퍼하고 탄식하며\n　속수무책으로 이리저리 도망 다닐 뿐이었다.」
SCR02027	DATASCR.BIN	0x346C9	88		　……実際、この国に点在する\n　広い墓場は、そのとき焼かれた村の跡だと\n　かかれています。	……실제로 이 나라 곳곳에 흩어진\n　넓은 묘지는 그때 불탄 마을의 흔적이라고\n　적혀 있어요.
SCR02028	DATASCR.BIN	0x34736	28		アスカ＠「家を焼かれた……。	아스카＠「집이 불탔다……。
SCR02029	DATASCR.BIN	0x34757	44		コッパ「!! アスカ＠、\n　じゃあ、あれって……	콥파「!! 아스카＠,\n　그럼 그건……
SCR02030	DATASCR.BIN	0x34830	82		少女「全部燃えちゃったの。\n　全部、全部、きえちゃった。\n　あいつのせいで…………。	소녀「전부 타 버렸어.\n　전부, 전부, 사라졌어.\n　그놈 때문에…………。
SCR02031	DATASCR.BIN	0x348D7	41		アスカ＠「あの幽霊が\n　村を焼かれた……!?	아스카＠「저 유령이\n　마을이 불탄……!?
SCR02032	DATASCR.BIN	0x3497B	57		アスカ＠「コヨリどの、\n　それで、その黒雷仙女はその後……	아스카＠「코요리 님,\n　그래서 그 흑뢰선녀는 그 후……
SCR02033	DATASCR.BIN	0x349B9	49		コヨリ「古文書の続きには、\n　こうかかれています。	코요리「고문서의 다음 내용에는\n　이렇게 쓰여 있어요.
SCR02034	DATASCR.BIN	0x349ED	74		「そこへ、\n　どこからか一人の偉い法師が現れ、\n　黒雷仙女に戦いをいどんだ。	「그곳에\n　어디선가 한 훌륭한 법사가 나타나\n　흑뢰선녀에게 싸움을 걸었다.
SCR02035	DATASCR.BIN	0x34A3B	64		　法師と黒雷仙女は\n　数日間にも及ぶ\n　激しい死闘を繰り広げたが、	법사와 흑뢰선녀는\n　며칠에 걸쳐\n　격렬한 사투를 벌였으나,
SCR02036	DATASCR.BIN	0x34A7E	82		　法師はリーバ八獣神様の力を\n　借りることで、\n　みごと黒雷仙女を倒すことができた。	법사는 리바 팔수신님의 힘을\n　빌려\n　멋지게 흑뢰선녀를 쓰러뜨릴 수 있었다.
SCR02037	DATASCR.BIN	0x34AD3	100		　黒雷仙女は恐ろしい形相で\n　「いつか貴様らに復讐してやる!!」と\n　叫んだのを最後に、息絶えていった。	흑뢰선녀는 무서운 형상으로\n　「언젠가 네놈들에게 복수해 주마!!」라고\n　외친 것을 마지막으로 숨이 끊어졌다.
SCR02038	DATASCR.BIN	0x34B3A	108		　法師は黒雷仙女が復活しないよう、\n　巫女に、邪気をはらう祭の方法を伝えた。\n　それがリーバ祭の始まりである。	법사는 흑뢰선녀가 부활하지 않도록\n　무녀에게 사기를 쫓는 축제 방법을 전했다.\n　그것이 리바 축제의 시작이다.
SCR02039	DATASCR.BIN	0x34BAA	49		　そして邪気は払われ、\n　祭来国に平和が訪れた。」	그리하여 사기는 사라지고\n　마츠라이국에 평화가 찾아왔다.」
SCR02040	DATASCR.BIN	0x34BEA	49		コヨリ「もし、黒雷仙女が\n　本当にいたとしたら……	코요리「만약 흑뢰선녀가\n　정말로 존재했다면……
SCR02041	DATASCR.BIN	0x34C1E	90		　このまま邪気がたまると、\n　黒雷仙女が復活してしまうのではないか。\n　それが恐ろしくて……	이대로 사기가 쌓이면\n　흑뢰선녀가 부활해 버리는 게 아닐까.\n　그게 두려워서……
SCR02042	DATASCR.BIN	0x34C8D	68		コッパ「ん～でも、\n　あと１個祭器をとってくれば\n　祭ができるんだろ。	콥파「음~그래도\n　이제 제기 하나만 가져오면\n　축제를 할 수 있는 거잖아.
SCR02043	DATASCR.BIN	0x34CD5	22		　そしたら問題ないさ。	그럼 문제없다구.
SCR02044	DATASCR.BIN	0x34CF6	25		　さあアスカ＠、いこうぜ!	자, 아스카＠, 가자!
SCR02045	DATASCR.BIN	0x34EF1	20		コヨリ「あの、もし!!	코요리「저기, 잠시만요!!
SCR02046	DATASCR.BIN	0x34F62	53		コヨリ「不思議のダンジョンへ\n　向かうということは……	코요리「신기한 던전으로\n　향하신다는 건……
SCR02047	DATASCR.BIN	0x34F9B	50		　ひょっとして、\n　八魔天と戦うおつもりなのですか?	혹시\n　팔마천과 싸우실 생각이신가요?
SCR02048	DATASCR.BIN	0x34FD2	62		アスカ＠「ええ。\n　そして祭器を取り戻してこようと\n　思います。	아스카＠「그렇소.\n　그리고 제기를 되찾아 오려고\n　생각하고 있소.
SCR02049	DATASCR.BIN	0x35015	32		コヨリ「そうですか、あなたも……	코요리「그러시군요, 당신도……
SCR02050	DATASCR.BIN	0x35048	90		　あ、失礼しました。わたくし、\n　リーバ祭を取り仕切っています、\n　祭司のコヨリと申します。	아, 실례했습니다. 저는\n　리바 축제를 관장하고 있는\n　제사장 코요리라고 합니다.
SCR02051	DATASCR.BIN	0x350A7	34	SCR01516	アスカ＠「拙者、アスカ＠でござる。	아스카＠「소인, 아스카＠라 하오.
SCR02052	DATASCR.BIN	0x350CE	98		コヨリ「いま、この国では\n　アスカ＠さんをはじめ、たくさんの\n　風来人さんが試練の道に挑んでいます。	코요리「지금 이 나라에서는\n　아스카＠ 씨를 비롯해 많은\n　풍래인 분들이 시련의 길에 도전하고 있어요.
SCR02053	DATASCR.BIN	0x35137	92		　いま、この国では\n　アスカ＠さんをはじめ、たくさんの\n　風来人さんが試練の道に挑んでいます。	지금 이 나라에서는\n　아스카＠ 씨를 비롯해 많은\n　풍래인 분들이 시련의 길에 도전하고 있어요.
SCR02054	DATASCR.BIN	0x35197	90		　ですが……今年の試練の道は、\n　八魔天の影響なのでしょう、\n　モンスターがたくさんいます。	하지만……올해 시련의 길은\n　팔마천의 영향인지\n　몬스터가 아주 많아요.
SCR02055	DATASCR.BIN	0x351F5	14		　それでも……	그래도……
SCR02056	DATASCR.BIN	0x35208	112		アスカ＠「コヨリどの、ご忠告感謝します。\n　それでも、目の前でこのようなことが\n　起こっていたら、見過ごせません。	아스카＠「코요리 님, 충고 감사하오.\n　그래도 눈앞에서 이런 일이\n　벌어지고 있다면 그냥 넘어갈 수 없소.
SCR02057	DATASCR.BIN	0x3527D	24		コヨリ「そうですか……。	코요리「그러시군요……。
SCR02058	DATASCR.BIN	0x352A8	24		　では、せめてお弁当を。	그럼 하다못해 도시락이라도.
SCR02059	DATASCR.BIN	0x3532F	103		　　　 コヨリのおにぎりを受け取った。\n　　　　 コヨリがにぎってくれた\n　　　　 おいしそうなおにぎりだ。	코요리의 주먹밥을 받았다.\n　　　　 코요리가 만들어 준\n　　　　 맛있어 보이는 주먹밥이다.
SCR02060	DATASCR.BIN	0x3539B	84		コヨリ「……わたくしは戦えませんが、\n　それでも、出来る限りの事は\n　させてください。	코요리「……저는 싸울 수 없지만\n　그래도 할 수 있는 일은\n　하게 해 주세요.
SCR02061	DATASCR.BIN	0x353F3	12		　それでは。	그럼 이만.
SCR02062	DATASCR.BIN	0x35407	64		コヨリ「あっ……持ち物が\n　いっぱいなんですね。\n　失礼しました。	코요리「앗……소지품이\n　가득 차 있으시군요.\n　실례했습니다.
SCR02063	DATASCR.BIN	0x3544A	78		　……わたくしは戦えませんが、\n　それでも、出来る限りの事は\n　させてください。	……저는 싸울 수 없지만\n　그래도 할 수 있는 일은\n　하게 해 주세요.
SCR02064	DATASCR.BIN	0x3549C	12	SCR02061	　それでは。	그럼 이만.
SCR02065	DATASCR.BIN	0x354DA	76		アスカ＠「ふうむ……\n　このような事態の中、\n　祭司という立場は辛かろうに……	아스카＠「흐음……\n　이런 상황 속에서\n　제사장이라는 입장은 힘들 텐데……
SCR02066	DATASCR.BIN	0x35541	68		アスカ＠「ふむ……\n　きれいなおにぎりだ。\n　この気持ちに報いねばな。	아스카＠「흠……\n　예쁜 주먹밥이로군.\n　이 마음에 보답해야겠소.
SCR02067	DATASCR.BIN	0x3558D	44		アスカ＠「うむ。\n　気合をいれて、がんばるか!	아스카＠「음.\n　정신 바짝 차리고 힘내 볼까!
SCR02068	DATASCR.BIN	0x3562B	51		アスカ＠「……うん?\n　ここの床板は\n　外せそうだぞ。	아스카＠「……응?\n　여기 마룻바닥은\n　뜯어낼 수 있을 것 같군.
SCR02069	DATASCR.BIN	0x35663	17		床板を外しますか?	마룻바닥을 뜯어내시겠습니까?
SCR02070	DATASCR.BIN	0x3568A	24		アスカ＠は床板を外した。	아스카＠는 마룻바닥을 뜯어냈다.
SCR02071	DATASCR.BIN	0x356A6	38		そこにはなんと、\n風魔石がうまっていた!	그곳에는 놀랍게도\n풍마석이 묻혀 있었다!
SCR02072	DATASCR.BIN	0x35701	30		アスカ＠は風魔石を手に入れた。	아스카＠는 풍마석을 손에 넣었다.
SCR02073	DATASCR.BIN	0x3573A	49		しかし持ち物がいっぱいで\nとることができなかった。	하지만 소지품이 가득 차서\n가져갈 수 없었다.
SCR02074	DATASCR.BIN	0x359D5	25		頭領「おお、アスカ＠どの!	두령「오오, 아스카＠ 님!
SCR02075	DATASCR.BIN	0x35A22	59		頭領「アスカ＠どのもやはり\n　祭来国へいらしていたのですね。	두령「아스카＠ 님도 역시\n　마츠라이국에 와 계셨군요.
SCR02076	DATASCR.BIN	0x35A61	86		　まったく、リーバ祭を\n　行えないとあって、祭来国の人々の\n　意気消沈ぶりといったら……	정말이지, 리바 축제를\n　못 열게 되어서 마츠라이국 사람들이\n　얼마나 풀이 죽었는지……
SCR02077	DATASCR.BIN	0x35AC2	89		　ワシも実は、祭が大好きでしてね。\n　まったくもって、八魔天とは許しがたい\n　やつらですな!	저도 실은 축제를 아주 좋아해서 말이지요.\n　정말이지, 팔마천이란 놈들은 용서할 수\n　없습니다!
SCR02078	DATASCR.BIN	0x35B27	60		　アスカ＠どの。ひょっとして、\n　八魔天と戦うおつもりですか?	아스카＠ 님. 혹시\n　팔마천과 싸우실 생각이신가요?
SCR02079	DATASCR.BIN	0x35B66	104		　では、ワシと共に戦いませんか。\n　アスカ＠どのは相当な剣の使い手。\n　お力をいただければ心強いのですが。	그럼 저와 함께 싸우지 않으시겠습니까.\n　아스카＠ 님은 상당한 검의 달인이시니\n　힘을 빌려주신다면 든든할 텐데요.
SCR02080	DATASCR.BIN	0x35BD3	65		アスカ＠「おお、それはありがたい。\n　頭領どの、ぜひお願いします。	아스카＠「오, 그것 참 고맙소.\n　두령님, 부디 잘 부탁드리오.
SCR02081	DATASCR.BIN	0x35C27	28		頭領「ありがとうございます。	두령「감사합니다.
SCR02082	DATASCR.BIN	0x35C46	72		　ん、そうだ。\n　アスカ＠どのに「頭領」と呼ばれるのは\n　なにか変ですね。	음, 맞다.\n　아스카＠ 님께 '두령'이라고 불리는 것도\n　뭔가 이상하군요.
SCR02083	DATASCR.BIN	0x35C94	96		ジンパチ「うむ。これからは、\n　ワシのことはジンパチとおよびください。\n　それがワシの名ですから。	진파치「음. 앞으로는\n　저를 진파치라고 불러 주십시오.\n　그것이 제 이름이니까요.
SCR02084	DATASCR.BIN	0x35CF7	58		　そうそう、\n　ミナモのヤツも\n　この国に来ているようです。	아 참,\n　미나모 그 녀석도\n　이 나라에 와 있는 모양입니다.
SCR02085	DATASCR.BIN	0x35D34	108		　まあ、あれも鋼賀のしのび。滅多なことでは\n　やられはせんと思いますが、\n　少々気の早いところがありましてな。	뭐, 그 아이도 코가의 닌자이니\n　어지간해서는 당하지 않을 거라\n　생각합니다만, 조금 성급한 구석이 있어서요.
SCR02086	DATASCR.BIN	0x35DA3	86		　見つけたら\n　ぜひ力を貸してやってください。\n　親ばかとは思いますが……お願いします。	보시게 되면\n　꼭 힘을 빌려주십시오.\n　팔불출 같지만……부탁드립니다.
SCR02087	DATASCR.BIN	0x35DFD	34		　それでは。\n　きばっていきますぞ!	그럼 이만.\n　힘내서 가겠습니다!
SCR02088	DATASCR.BIN	0x35E40	35		　\n　　　　ジンパチが仲間になった。	\n　　　　진파치가 동료가 되었다.
SCR02089	DATASCR.BIN	0x35EEB	30		ミナモ「あっ!\n　アスカ＠さん!!	미나모「앗!\n　아스카＠ 씨!!
SCR02090	DATASCR.BIN	0x35F42	37		ミナモ「よかった、\n　やっと会えたわ。	미나모「다행이다,\n　드디어 만났네.
SCR02091	DATASCR.BIN	0x35F6C	72		　最近、この祭来国で\n　八魔天と戦っている\n　女の人のウワサを聞いたから、	요즘 이 마츠라이국에서\n　팔마천과 싸우고 있다는\n　여자분 소문을 들었거든,
SCR02092	DATASCR.BIN	0x35FB8	71		　もしかしたら\n　アスカ＠さんのことかなと思って。\n　ふふっアタリでしょ?	혹시\n　아스카＠ 씨 얘기인가 싶어서.\n　후훗 맞았지?
SCR02093	DATASCR.BIN	0x36003	85		　ねえアスカ＠さん、\n　あたしにも協力させてくれない?\n　アスカ＠さんにお礼がしたいし、	있잖아 아스카＠ 씨,\n　나도 협력하게 해 주면 안 될까?\n　아스카＠ 씨한테 은혜도 갚고 싶고,
SCR02094	DATASCR.BIN	0x3605C	72		　それに、\n　鋼賀の使命はモンスター退治。\n　八魔天を放ってもおけないの。	게다가\n　코가의 사명은 몬스터 퇴치야.\n　팔마천을 그냥 둘 수도 없고.
SCR02095	DATASCR.BIN	0x360A9	66		アスカ＠「ああ、\n　ミナモどのの\n　力をもらえれば、こちらも助かる。	아스카＠「음,\n　미나모 님의\n　힘을 빌려주신다면 나도 든든하오.
SCR02096	DATASCR.BIN	0x360FF	15		ミナモ「やった!	미나모「됐다!
SCR02097	DATASCR.BIN	0x36113	39		アスカ＠「では\n　ミナモどの、いこうか。	아스카＠「그럼\n　미나모 님, 갈까요.
SCR02098	DATASCR.BIN	0x3613F	79		ミナモ「あ、っとと。\n　ね、その「ミナモどの」って止めない?\n　ミナモでいいわよ。	미나모「아, 잠깐만.\n　그 '미나모 님'이라는 거 그만두면 안 돼?\n　그냥 미나모라고 해도 돼.
SCR02099	DATASCR.BIN	0x36193	76		アスカ＠「うむ、そうか。\x1F\x0F\n　そうだな、ではわたしのことも\n　アスカ＠でいい。	아스카＠「음, 그런가.\n　그럼 나도\n　그냥 아스카＠라고 해도 좋소.
SCR02100	DATASCR.BIN	0x361E4	56		ミナモ「ふふっ、わかった。\n　じゃあアスカ＠、行きましょ!	미나모「후훗, 알았어.\n　그럼 아스카＠, 가자!
SCR02101	DATASCR.BIN	0x362AD	35	SCR00279	　\n　　　　　ミナモが仲間になった。	\n　　　　　미나모가 동료가 되었다.
SCR02102	DATASCR.BIN	0x3636C	19		ミナモ「アスカ＠ー!	미나모「아스카＠~!
SCR02103	DATASCR.BIN	0x3639C	66		ミナモ「八魔天を倒しに行くんでしょ。\n　一緒に連れて行ってくれない?	미나모「팔마천 물리치러 가는 거지.\n　같이 데려가 주면 안 돼?
SCR02104	DATASCR.BIN	0x363E3	17		ジンパチ「ミナモ!	진파치「미나모!
SCR02105	DATASCR.BIN	0x36415	40		ミナモ「やばっ!\n　みつかっちゃった……。	미나모「으엑!\n　들켜 버렸다……。
SCR02106	DATASCR.BIN	0x36442	41		ジンパチ「やはり\n　この国に来ていたのか。	진파치「역시\n　이 나라에 와 있었구나.
SCR02107	DATASCR.BIN	0x3646E	104		　八魔天というモンスター、いまだ\n　未知のものだ。うかつに動いてはならんと、\n　あれほど言ったではないか。	팔마천이라는 몬스터는 아직\n　미지의 존재다. 섣불리 움직이지 말라고\n　그렇게 말하지 않았느냐.
SCR02108	DATASCR.BIN	0x364E1	26		ミナモ「……ごめんなさい。	미나모「……미안해요.
SCR02109	DATASCR.BIN	0x36504	49		　でもっ、\n　モンスター退治は鋼賀の使命、でしょ。	하지만!\n　몬스터 퇴치는 코가의 사명이잖아요.
SCR02110	DATASCR.BIN	0x36539	65		　祭来国の人たちが困っているのに、\n　見過ごすわけにはいかないわ。	마츠라이국 사람들이 곤란해하는데\n　못 본 척할 수는 없잖아요.
SCR02111	DATASCR.BIN	0x3657F	45		ジンパチ「ふむ……\n　それはそのとおりだが……	진파치「흠……\n　그건 그렇다만……
SCR02112	DATASCR.BIN	0x365AF	78		　よもやアスカ＠どのにひかれて\n　遊び半分で来てやしないだろうかと\n　思ってな。	혹시 아스카＠ 님에게 끌려서\n　장난 반으로 온 게 아닌가 하고\n　생각했느니라.
SCR02113	DATASCR.BIN	0x36602	28		ミナモ「……（ぎくっ）……。	미나모「……（뜨끔）……。
SCR02114	DATASCR.BIN	0x36623	30		ジンパチ「大丈夫だな、ミナモ。	진파치「괜찮은 거겠지, 미나모.
SCR02115	DATASCR.BIN	0x3664E	31		ミナモ「だ、大丈夫よ!\n　もうっ!	미나모「괘, 괜찮다니까요!\n　정말!
SCR02116	DATASCR.BIN	0x36672	72		ジンパチ「まあいい。\n　おまえも鋼賀の忍びだ。\n　あまりうるさくは言わぬ。	진파치「뭐, 됐다.\n　너도 코가의 닌자다.\n　너무 잔소리하지는 않으마.
SCR02117	DATASCR.BIN	0x366BE	70		　アスカ＠どの。すみませんが、\n　今日のところはひとまず\n　失礼します。	아스카＠ 님. 죄송하지만\n　오늘은 일단\n　이만 물러가겠습니다.
SCR02118	DATASCR.BIN	0x3670F	84		　今日は、この国の内情を、\n　もっとよく見ておきたいと思いましてね。\n　では、これで。	오늘은 이 나라의 사정을\n　좀 더 자세히 살펴보고 싶어서요.\n　그럼 이만.
SCR02119	DATASCR.BIN	0x367A1	28		ミナモ「じゃ、あらためて……	미나모「그럼, 다시……
SCR02120	DATASCR.BIN	0x367C0	79		　アスカ＠。\n　不思議のダンジョンに行くんでしょ。\n　一緒に連れて行ってくれない?	아스카＠.\n　신기한 던전에 가는 거지.\n　같이 데려가 주면 안 돼?
SCR02121	DATASCR.BIN	0x36827	39		ミナモ「やった!\n　よーし、がんばるわよ!	미나모「됐다!\n　좋아, 열심히 할게!
SCR02122	DATASCR.BIN	0x368C8	35	SCR00279	　\n　　　　　ミナモが仲間になった。	\n　　　　　미나모가 동료가 되었다.
SCR02123	DATASCR.BIN	0x3692B	70	SCR01908	ミナモ「そう……うん、\n　アスカ＠にも都合があるものね。\n　わかったわ。	미나모「그래……응,\n　아스카＠도 사정이 있을 테니까.\n　알겠어.
SCR02124	DATASCR.BIN	0x36975	48		　じゃ、\n　次の冒険のときは\n　連れて行ってよね。	그럼,\n　다음 모험 때는\n　꼭 데려가 줘.
SCR02125	DATASCR.BIN	0x369A9	22		　じゃあね、アスカ＠。	그럼 안녕, 아스카＠.
SCR02126	DATASCR.BIN	0x36A66	40		コッパ「?\n　なんか、あっちが騒がしいな。	콥파「?\n　뭔가 저쪽이 시끄럽네.
SCR02127	DATASCR.BIN	0x36AE0	13		村人「どうだ?	마을 사람「어때?
SCR02128	DATASCR.BIN	0x36AFA	66		風来人「だめだ。\n　トンカチでぶったたいても、\n　全然歯がたたねえ。	풍래인「안 돼.\n　망치로 아무리 두들겨도\n　전혀 소용이 없어.
SCR02129	DATASCR.BIN	0x36B65	47		村人「おれのノミの刃も\n　こぼれちまったしなあ。	마을 사람「내 끌날도\n　다 나가 버렸다니까.
SCR02130	DATASCR.BIN	0x36BD3	82		門番「俺たちも、\n　いろんな方法を試したんだが、結局\n　壊すことが出来なかったんだ。	문지기「우리도\n　여러 방법을 시도해 봤지만 결국\n　부수지 못했어.
SCR02131	DATASCR.BIN	0x36C37	66		風来人「やっぱりこいつは\n　ただの岩じゃないってことか。\n　うーん。	풍래인「역시 이놈은\n　그냥 바위가 아니란 건가.\n　으음.
SCR02132	DATASCR.BIN	0x36CBD	45		門番「とりあえず、\n　今はどうもできんだろう。	문지기「일단은\n　지금 당장은 어쩔 수 없겠지.
SCR02133	DATASCR.BIN	0x36CEE	67		　ここは俺たちで見張っているから、\n　ひとまず、引き上げたらどうだ。	여기는 우리가 지키고 있을 테니까\n　일단 물러나는 게 어때.
